track_id,avg_y_speed,x_variance,x_range,predicted_label
1,0.7021828865518376,5262.07264669512,193.25711059570312,1
2,1.7609297759341498,2942.226919725844,156.09402465820312,1
4,1.798120034535726,2341.6286138639152,136.87094116210938,1
5,1.4738286548834805,4452.812541235157,188.86720275878903,1
6,5.912107020248602,5.611315580449471,8.299560546875,0
7,5.00149220139233,10.973163760199675,11.170379638671877,0
8,1.5438017025115385,1799.4292061916865,117.76496887207033,1
9,4.213470293127972,10.378219779818837,11.023239135742188,0
10,1.4748646321630043,3289.1680945078942,163.06337070465088,1
11,1.0121143910349633,1010.745724858777,88.59671020507812,1
15,3.8104193210601807,2054.618572630798,140.22042846679688,1
16,1.7888884791621456,2048.39471681176,129.492919921875,1
17,2.2004547119140625,5.5691221985034645,6.15191650390625,0
19,0.7159192141364602,4928.095692630313,177.581787109375,1
21,2.2966402053833006,13.148553096104568,16.6524658203125,0
22,5.215106406301822,12.627518648443202,12.1519775390625,0
25,0.8135140318619577,257.3040092137736,49.6708984375,1
27,1.1259328911944133,1365.4584130742678,106.26950073242188,1
28,1.0672957102457683,3180.420139208698,154.170654296875,1
29,1.5984469385980402,2446.1418066099945,131.06199645996094,1
31,3.518783569335937,5.815854771890574,5.904388427734375,0
35,0.7209785275342988,4679.346368280604,193.65631103515625,1
36,0.6259371439615885,0.0045896552037447,0.18035888671875,0
37,5.581212409707003,11.616323478423451,11.85186767578125,0
38,5.139136775847404,5.580514208489128,7.50634765625,0
39,3.5114898681640625,0.6001068554404708,1.836669921875,0
44,0.8855338096618652,1366.7751413743226,111.9493408203125,1
46,2.029267935917295,12.192780695421,11.6572265625,0
47,0.8341196605137416,57.64807326022122,23.665283203125,0
48,0.920710563659668,1.8723739720880983,2.7366943359375,0
51,0.6868346333503723,247.4359356721401,49.5076904296875,1
52,1.4251717346504638,1311.0185413638324,102.54824829101562,1
53,4.594549436826964,10.897223967626056,11.09136962890625,0
54,0.6503472328186035,500.9889741813391,71.43154907226562,1
67,1.317562214963071,2419.217795583565,134.45753479003906,1
68,0.8733913340467088,1836.8054680366315,121.4962158203125,1
71,0.7114344642275856,3128.100723472214,154.6492919921875,1
72,3.558125372855894,9.99679030637884,10.26806640625,0
78,0.984130859375,3.170894924551249,3.5614013671875,0
79,0.6104181706905365,3627.7050783697487,167.8846435546875,1
80,1.9452184041341145,11.307320032991012,10.204010009765623,0
81,1.1905349434399215,1255.8706471569556,100.45330810546876,1
83,0.6948358154296875,98.9473681167972,35.0133056640625,1
84,1.7474596145305228,106.82453095385176,36.7628173828125,1
85,1.2316632714382438,617.5303163091298,85.06719970703125,1
86,0.9379379366650994,532.2275738959854,67.89349365234375,1
87,1.4029684500260786,351.05169848907445,59.39633750915527,1
90,1.5033458260928882,426.0887938027733,74.4207763671875,1
91,3.913198334830148,509.18519933078113,75.11752319335938,1
92,5.059051513671875,8.408857668982819,7.257781982421875,0
93,1.5365771055221558,171.76754791821477,42.29122924804688,1
95,1.824324653262184,170.9857250378398,38.97895812988281,1
98,1.6641433715820313,2298.4184847377574,136.175537109375,1
99,0.7670584753447888,210.8205600578476,51.970733642578125,1
101,0.7349746704101563,3504.754229306423,174.34756469726562,1
103,3.8488405629208216,11.48915482655472,11.006721496582031,0
105,4.865927654763927,11.000800876170327,10.175933837890623,0
107,2.82048237323761,11.457244853526351,11.07904052734375,0
110,2.001602913569478,11.837825861106111,11.763702392578123,0
111,0.950627415076546,1563.0214674146457,107.38064575195312,1
113,2.6726396481196084,11.910277656207864,9.743545532226562,0
116,1.615190859194155,137.6778189268816,38.78286743164063,1
117,0.9292058308919272,1806.9252871654517,122.90252685546876,1
118,5.017735195159912,11.575017587610084,10.923664093017578,0
119,1.1803449722657722,4479.332531985379,201.64098358154297,1
120,1.4864607916937933,396.3621737057245,62.93318700790405,1
121,1.0652327104048296,454.1475105825451,69.11427307128906,1
122,2.66583428663366,16.13032971214529,13.194046020507812,0
124,-1.9571533203125,2.114677616395056,2.90838623046875,0
125,1.194452667236328,1110.3199541673998,118.83096313476562,1
127,1.555697694116709,1494.0624514242747,123.19776916503906,1
128,2.8130520091337314,9.885334553800677,11.05316162109375,0
130,4.06451416015625,12.344997228665484,11.775787353515623,0
132,3.400072558172818,12.390626732905709,11.387298583984377,0
135,1.918555134474629,713.0468588132726,80.67605590820312,1
142,0.6049211191576581,2568.602925460891,152.132568359375,1
144,0.7236242294311523,77.80329597760218,27.1893310546875,0
150,2.752979278564453,4.26268943041563,6.051177978515625,0
153,0.8273802164829138,966.9342891469802,105.9210968017578,1
156,1.6405227184295654,844.7787528174142,81.73669242858887,1
158,0.6711752518363621,5.504457563310603,8.5350341796875,0
159,0.7869694449684836,631.4149528976698,80.43292236328125,1
161,0.7072288513183593,3287.609377018769,174.7115478515625,1
162,1.638913065592448,2214.1338407786907,131.66690063476562,1
163,2.8222239832724294,11.404850674727824,12.596687316894531,0
164,1.6904154459635417,21.17159337472006,15.523499488830566,0
166,5.353029358253051,11.881088033877148,11.292354583740234,0
167,3.7495147705078127,11.073944945355509,11.30512237548828,0
168,1.792860746383667,9.532199698183684,8.134811401367188,0
169,4.936365324197356,10.648005023626988,11.278076171875,0
172,1.504800833907782,110.07894280860012,38.39373779296875,1
175,2.104549905528193,12.371060108274428,11.510345458984377,0
178,0.6253128051757812,194.41958917693495,42.0635986328125,1
180,3.984522399902344,11.020891919198927,12.333740234375,0
181,0.5908847384982638,1.6911966679990291,4.15228271484375,0
182,0.6487760543823242,82.44237277969533,27.958251953125,0
184,1.598993682861328,125.22589934736456,35.435086727142334,1
185,4.163648514912047,9.628668113650498,10.233827590942385,0
186,1.075580762780231,1817.5157285153973,128.79840087890625,1
187,1.0656996884020458,1506.0241208814978,143.26744079589844,1
188,1.1063002201548793,1581.2318061623878,143.7284393310547,1
189,0.7408643450055804,1332.632878991967,117.02935791015624,1
190,0.5763446262904576,198.54910762763973,49.2027587890625,1
192,0.6215295791625977,1.6462969928979874,2.566162109375,0
194,0.9702671595982144,492.9203810781974,65.25,1
195,1.2484325408935546,49.96017154509371,21.8408203125,0
196,2.7111807823181158,10.162497248345366,9.46087646484375,0
197,0.4146976470947265,13.217934983472029,8.90472412109375,0
198,2.63514404296875,13.049126480893593,10.669952392578123,0
199,0.7408027404393905,329.695759887108,63.408477783203125,1
200,1.3939344618055556,768.9117673061942,86.32120513916016,1
203,1.8197803986378205,674.6528024588772,78.83244276046753,1
205,0.3890256881713867,7.121151545085013,5.33709716796875,0
207,1.112095594406128,23.04913628458977,12.9027099609375,0
210,2.475581577845982,8.368941037853801,9.3184814453125,0
212,0.6913442611694336,1.6175391781661244,3.09661865234375,0
222,2.532109022140503,9.617770709320904,8.662750244140625,0
223,0.666264533996582,233.86965401056884,47.46630859375,1
226,0.7645187377929688,22.66257415531204,13.016220092773438,0
227,4.525807698567708,8.991710769647563,10.623550415039062,0
231,4.0416090033027565,11.193260098630446,12.010650634765623,0
232,0.6318346472347484,144.85834516528533,36.7137451171875,1
234,2.6064733731544623,10.949720875061209,10.891571044921877,0
236,1.0816838264465332,134.6285521745805,35.5081787109375,1
238,3.345205307006836,21.698464413587416,13.4576416015625,0
239,1.3342030843098958,1990.3289892561947,127.90444946289062,1
240,0.5887298583984375,5.165049658156931,4.54534912109375,0
241,1.699563103753167,7369.604154893849,231.7467041015625,1
243,5.518714904785156,33.434499279558665,15.568817138671877,0
248,1.0098017239179768,784.9829629447078,92.9278688430786,1
249,2.688279151916504,12.262769444603473,11.036788940429688,0
250,0.7718708204186481,235.9840308437415,52.421173095703125,1
258,1.2463850541548296,3463.5051288571417,174.98947143554688,1
260,0.7621695778586648,773.3438016627231,98.18499755859376,1
262,2.800018310546875,15.211143528085143,11.338386535644531,0
263,0.6836113929748535,0.5918017033901479,2.83502197265625,0
264,3.27142333984375,16.788854208072735,11.594329833984377,0
265,1.1968085394965278,1010.3249812000251,93.28775024414062,1
266,0.8339900623668324,2188.191026667684,132.67941284179688,1
268,0.7767775058746338,2.351198746860028,3.85614013671875,0
270,3.615979749102925,10.63010797601324,11.217529296875,0
271,0.7160931396484375,487.65367695241343,68.38494873046875,1
272,8.386223687065971,67.31350553841563,31.0313720703125,0
273,1.2096247239546345,2928.6956093404256,163.2616729736328,1
276,4.022310583932059,12.605021600766728,11.679473876953123,0
278,0.8996536254882812,91.33096754280004,28.62261962890625,0
280,0.7205373656074956,2224.300567017711,148.83592224121094,1
281,0.5126823697771344,4336.147439133956,207.0791931152344,1
282,2.6264544988082625,11.537707473047906,10.653472900390623,0
285,0.5227304299672445,96.64998555174594,29.68804931640625,0
286,1.7682318491478488,1143.8545342135883,103.49932861328124,1
288,1.2417273142981151,2995.114493172541,153.79144287109375,1
290,2.0069732666015625,10.84195129188937,10.3497314453125,0
291,0.553793225969587,22.2618279225462,15.302734375,0
292,1.082728385925293,3053.544749138521,155.40347290039062,1
299,2.623607635498047,11.559152141447628,11.494476318359377,0
305,1.5307786147481894,959.6713105726684,87.0200424194336,1
308,3.818107027756541,10.490385986898858,10.65277099609375,0
310,1.873788833618164,704.3781958393575,78.82666015625,1
314,0.8939338890281884,1696.151576275843,123.009521484375,1
323,0.8580392690805289,58.58162198172008,23.605224609375,0
324,4.947614384680679,11.655593041077152,12.39386749267578,0
325,0.7104702449980236,2545.1476141502453,164.7611541748047,1
326,0.7154131802645597,143.59946012827925,38.4866943359375,1
328,0.8340573992047992,546.0105141328447,74.3248291015625,1
329,1.4604769739611396,855.505373907944,82.53022384643555,1
333,1.375265461124786,1441.6713486251724,114.6739501953125,1
336,0.6869803035960478,215.49881110773825,44.7142333984375,1
340,1.0084669325086806,455.898377360901,65.34185791015625,1
347,1.1474728249387198,2441.4224599627314,136.35501098632812,1
349,0.7706080845424107,144.3759945201578,39.94017028808594,1
353,4.012355041503906,12.76221599815555,11.58795166015625,0
354,3.2925948489796037,1159.780977236373,90.41116333007812,1
356,1.9968798407192887,12.573731867162548,12.123519897460938,0
359,5.735292434692383,12.27329241130881,11.025421142578123,0
368,1.452349853515625,2985.859720182808,161.3294677734375,1
369,3.4268062699515864,12.103596017945613,11.59124755859375,0
373,0.6641859266493055,2602.668472346523,150.78619384765625,1
374,0.7433797200520833,64.99772339848278,24.54522705078125,0
378,0.6129212379455566,164.1515244257434,45.18939208984375,1
380,1.4802302908390126,243.15465473649965,51.927978515625,1
382,0.7640607733475534,879.6193126533951,88.304443359375,1
383,2.61458502875434,11.832026543155916,11.4312744140625,0
384,0.6559417724609375,96.01701770237965,29.77215576171875,0
387,1.6209904063831675,740.8350410386063,78.67338132858276,1
388,0.8848851521809896,26.168156949512195,13.850860595703123,0
389,0.5139410836356026,102.37145316684835,30.097488403320312,0
390,0.9610947234721124,510.0386222638539,67.32147216796875,1
391,1.9957529067993165,11.564134019715636,11.4547119140625,0
392,2.588347746196546,10.404081540564524,10.7647705078125,0
393,1.441072940826416,792.7997513726145,84.25304222106934,1
394,1.2091146440648322,2677.2114472167145,175.18179321289062,1
395,0.949961894267314,1679.93432061237,106.9827880859375,1
396,3.84712897406684,11.756330306040654,10.694427490234377,0
398,0.8273773193359375,13.61809764535994,11.1031494140625,0
403,1.07196044921875,8.758117143064737,5.9188232421875,0
406,0.732666015625,14.856464873585438,9.42010498046875,0
407,3.4489615304129466,15.66820086532169,12.30169677734375,0
408,1.3274533803226385,2296.503223065847,135.1404266357422,1
411,4.192965984344482,11.15446199368193,10.485122680664062,0
415,4.014363606770833,11.266108453739434,7.805816650390625,0
418,0.7540203441273082,131.65802491441832,37.25119018554688,1
421,0.7299654978626179,3918.109048196687,177.62562561035156,1
423,1.2698148401772105,4781.0649826901445,182.9650115966797,1
427,0.6198719569614956,183.41737963813875,42.76409912109375,1
428,0.7832201276506696,306.9581791364019,56.302276611328125,1
429,0.7095580037434895,6154.967893539958,199.93038940429688,1
432,0.84844970703125,2.5873422734956777,3.678466796875,0
434,3.743116760253906,10.843684280477351,10.514984130859377,0
435,1.696044921875,0.2212560067160262,1.015716552734375,0
439,0.8766962687174479,59.22289137074933,24.302978515625,0
441,0.8659945896693638,208.9356945383448,50.30841064453125,1
443,0.9148684607611762,844.697002251504,88.311767578125,1
445,4.316987471147017,29.064948796710844,20.6168212890625,0
446,4.3761037190755205,9.06502698978642,9.766265869140623,0
447,0.8814290364583334,150.41899714799675,37.48333740234375,1
450,1.9997901916503904,18.566793050312874,11.797561645507812,0
451,2.434046630859375,11.06471520206463,10.771240234375,0
454,3.8526218959263394,11.982282696708188,11.4862060546875,0
455,1.381702846950955,94.8250115700066,29.50811767578125,0
457,0.6558299189028532,3441.4502112388727,163.794189453125,1
461,4.637418245014391,10.407236681686545,10.660797119140623,0
463,0.5860810852050782,4730.208702679968,196.4290771484375,1
475,1.5889358801919906,899.0652195754755,83.3162841796875,1
479,0.9121490962921628,1559.0486888558576,121.0201416015625,1
485,0.9212867736816406,342.00784463170635,56.31787109375,1
487,2.1770477294921875,5.157568301714491,5.919525146484375,0
489,2.0311148507254466,12.221192116059685,10.243850708007812,0
494,1.6251692708333334,751.5356617110164,80.3966064453125,1
495,0.5891060207201086,1907.779355338595,133.44866943359375,1
496,0.663360595703125,7.452456410290026,7.494873046875,0
497,2.277614512342088,11.20068738725321,11.161300659179688,0
498,0.9862548828125,853.8544137937176,91.11063385009766,1
499,1.0098439957484726,3752.526495474171,171.65667724609375,1
500,1.0721838248403448,1987.893007663771,125.31817626953124,1
503,1.833831787109375,946.1425781907424,100.15447998046876,1
505,2.5307544526599703,9.142983083967271,10.19000244140625,0
506,4.269960145692568,12.046699352950048,10.839111328125,0
508,0.0705159505208333,0.0077881158213131,0.23114013671875,0
510,0.7125012627963362,2024.814844797423,143.8980712890625,1
513,1.76611000604003,4019.917949925493,182.7092437744141,1
515,0.751283595872962,4330.450887369269,180.51351928710935,1
516,1.4065029259883997,1367.3554451200712,111.13623046875,1
517,1.993468639897365,10.251261870228234,10.783538818359377,0
520,3.1788626595547327,10.32731705879372,10.78778076171875,0
523,1.0139041476779511,459.9583437582801,66.1688232421875,1
524,0.7859233374734527,1682.740800043755,114.83770751953124,1
525,0.6954060872395833,110.0622490693204,32.44036865234375,1
528,1.4571762084960938,1.5776228785514832,3.0677490234375,0
533,1.6102015521075277,1347.515770301868,110.26129150390624,1
534,0.546904722849528,333.9515716442916,57.7503662109375,1
535,0.8229307951750578,1945.05418170516,128.47463989257812,1
536,0.8817545572916666,85.9196797671169,29.46710205078125,0
538,1.204486083984375,3411.089375548059,186.52957916259768,1
539,1.4410984856741769,364.0496505832126,59.53140258789063,1
540,0.6426778599835824,5189.9442700964255,196.632568359375,1
542,0.2292938232421875,0.0273488098755478,0.33074951171875,0
544,1.424346923828125,318.30123111782933,54.14495849609375,1
545,0.7786300094039352,579.9277212251244,76.77838134765625,1
546,0.8022842407226562,2.231163064241409,4.195068359375,0
548,2.7058868408203125,7.833572878191869,8.5028076171875,0
549,4.053746377268145,10.651884442005212,11.1746826171875,0
550,4.202810959194018,12.068718468319672,12.0950927734375,0
551,1.43646240234375,56.45028978362679,26.53057861328125,0
552,5.922974872589111,11.699972591143869,11.7869873046875,0
553,0.5624894534840303,2.201060887000719,5.5926513671875,0
555,1.205798557826451,727.5764773431388,79.30962562561035,1
556,2.0076879978179933,577.6407000043305,73.07722973823547,1
557,0.733241045916522,5023.60252270705,201.6807861328125,1
559,1.196428800884046,173.4678893658093,44.91485595703125,1
563,0.7038036528087798,325.72229942012086,57.240020751953125,1
565,0.64085693359375,0.3254144470103913,1.70831298828125,0
566,3.2120259602864585,11.682275955180875,11.040313720703123,0
567,1.235920093677662,368.774621183826,61.765411376953125,1
568,1.0166081147228214,1584.613636264903,112.35736083984376,1
569,1.5098956072771992,1437.590452942213,109.8875732421875,1
570,4.00602771074344,11.179751091232138,11.401008605957031,0
571,0.956096649169922,1537.524385782718,106.07046508789062,1
575,1.3140830190896184,1375.2133303313308,105.30459594726562,1
581,0.6561375786276424,480.5472288529912,68.90786743164062,1
582,0.7240289052327474,3029.472960348204,154.2198486328125,1
583,0.5644971062155331,2015.36580278041,149.13394165039062,1
584,2.1273091634114585,3.296999213795061,4.540496826171875,0
585,1.317568257911918,5174.580577917883,190.4239196777344,1
588,0.7999492826915923,921.080281983366,88.624267578125,1
589,0.7875758579799107,2.5760030958335847,4.67059326171875,0
591,3.19427490234375,0.2799734133813116,1.13812255859375,0
592,1.5155063629150392,292.94734867609804,53.1326904296875,1
593,1.3187144115053375,1548.6198869603966,111.47262573242188,1
597,1.0197891235351562,554.576200254226,67.482177734375,1
598,1.2867177327473958,97.88232612872392,29.51216506958008,0
599,3.06308650970459,1.3400210291147232,2.315185546875,0
601,3.846054667920138,10.785595124962928,12.10528564453125,0
604,2.715118408203125,3.877178285270929,3.9381103515625,0
607,2.020456314086914,11.15894799033621,11.3516845703125,0
608,1.1209945678710938,2207.153282304864,148.13299560546875,1
610,0.8682481553819444,1752.941722223113,121.66021728515624,1
613,0.9212528575550426,2050.1224800422333,132.78225708007812,1
615,0.62720402804288,122.99226772856665,36.78594970703125,1
616,1.6467561267671131,760.9314568767585,78.7642822265625,1
620,1.7853656217276332,1193.7880764766128,100.65786743164062,1
624,1.0165608723958333,2.88411748688668,4.6453857421875,0
629,-0.0260047912597656,0.0791623948348893,0.6890869140625,0
633,1.4290210116993298,682.7603892123072,90.3299560546875,1
638,1.4640406558388157,665.1734623123982,83.10888671875,1
648,0.7129361336691338,4594.960658550887,190.45916748046875,1
651,1.0121019151475694,30.521409158756462,19.23992919921875,0
654,3.177393709380051,11.707623893366751,11.72454833984375,0
660,1.5257062631494858,752.6399190757833,87.43893432617188,1
661,-2.76165771484375,0.5387241030111909,1.46795654296875,0
664,2.9145240783691406,4.091680897606744,4.6708984375,0
665,0.6210373588230299,50.606263031245255,24.89739990234375,0
666,3.9174718316995873,11.336485049233795,11.622161865234377,0
670,1.0005295697380514,557.851911140793,73.81105661392212,1
671,1.24664855533176,4989.363977538617,193.0904235839844,1
673,1.5666117668151855,1439.8007427520618,113.91986083984376,1
674,1.694626572552849,2439.576287699421,142.64739990234375,1
675,0.5569877624511719,178.86432831571244,41.78070068359375,1
677,1.0382348037347562,405.3814274449146,65.8922119140625,1
679,0.8151139884159483,208.72122802976028,65.88473510742188,1
680,1.107169873786695,5479.338475604267,199.11773681640625,1
681,0.9576525565905448,614.8173375269392,76.31341552734375,1
682,1.6288443900443412,1341.579965901869,108.256103515625,1
685,6.055109447903103,12.163622725601268,11.430830001831056,0
686,0.7402824733568274,3629.285871858717,176.86807250976562,1
698,1.3724461605674343,406.6271840512582,62.08916568756104,1
700,1.4457975688733553,315.4893656390741,53.2293701171875,1
703,0.7819087040888799,871.933214396706,88.92620849609375,1
708,0.6573461978993518,3154.157659619589,163.44061279296875,1
709,1.5759135840775131,2787.3966437220065,148.0992431640625,1
710,1.067540598587251,460.6148007057152,71.90451049804688,1
712,5.038297905641444,11.94223054850436,11.0103759765625,0
715,0.7339826311383929,45.45059487706749,20.9874267578125,0
718,1.5306948493508732,4438.077099938424,190.98049926757807,1
720,0.8275770104449728,450.1156575631986,68.5618896484375,1
721,0.6939359392438617,28.161597488622647,15.889923095703123,0
723,0.7794520060221354,1248.218708626276,111.1337890625,1
726,1.4652913411458333,2110.825232166349,146.76080322265625,1
732,1.6631011962890625,17.99638723354373,10.378692626953123,0
733,0.8766632080078125,1262.7382460311962,110.6463623046875,1
738,0.6099463568793403,6.917895129146055,7.87042236328125,0
743,1.346542023040436,9291.310424699976,326.2664794921875,1
744,2.593056559562683,8.783502185797474,9.87286376953125,0
748,0.7713769782673229,252.09306133355625,54.85693359375,1
749,0.5524149576822917,293.9671032831393,56.7066650390625,1
757,2.1513301134109497,6.539235785906203,6.686641693115234,0
759,0.5894035727290784,2730.6941070201947,157.29791259765625,1
760,0.7478485107421875,91.2568390691045,26.97491455078125,0
761,5.007442474365234,4.884445113316178,6.093841552734375,0
765,0.875579833984375,66.32838849793188,23.87152099609375,0
767,1.3693624643179088,527.733535216493,68.22561836242676,1
769,0.61011962890625,180.37178945656837,42.436431884765625,1
771,0.7290519047709345,3972.8719008970297,178.0537109375,1
773,2.1126708984375,13.621242251771037,7.3813934326171875,0
774,2.293049097061157,8.435003673124205,9.17706298828125,0
781,0.716740608215332,37.14092223201532,19.694488525390625,0
784,2.644456227620443,15.647740742381735,12.17376708984375,0
785,1.0232816423688615,899.2574865019542,92.25218915939332,1
786,2.2215956174410305,10.225562740715915,10.361835479736328,0
788,0.7343685390712978,4327.524607078185,180.17855834960935,1
789,-0.430426025390625,5.460103575140238,6.8502197265625,0
791,1.7417236328125,30.503006081303784,14.85302734375,0
796,1.5823297882080078,513.4821938998433,82.25762939453125,1
799,3.178562245337792,10.304809314516044,11.031131744384766,0
802,0.74138429429796,2659.910037201761,158.2462158203125,1
806,0.6615103615654839,10.716753297395115,11.0213623046875,0
808,1.4603329826803768,2352.635843735026,151.37924194335938,1
810,0.7180461883544922,368.4788578237468,60.17724609375,1
817,3.174708532908606,11.134914849138491,12.38262939453125,0
818,0.547607421875,3.567936813044879,4.471649169921875,0
819,1.093833711412218,1836.5320962305289,126.38796997070312,1
820,1.012006701845111,1366.9106231844985,125.01249647140504,1
821,1.1846254686766031,2588.9703522926543,155.22475051879883,1
822,0.8450150923295454,1835.0131426996415,125.15606689453124,1
823,1.7052550235037076,1143.014451039011,101.43850708007812,1
824,1.2519874434540237,3457.166683638271,166.27920532226562,1
826,1.4945068359375,1.1206207275390625,2.1171875,0
831,0.5903533486758962,3687.193524390162,164.24560546875,1
832,0.8012598228454589,830.9589080166609,90.23341369628906,1
834,2.227505683898926,10.211853814572542,9.197647094726562,0
835,0.5996233622233073,1148.3542992683886,105.20703125,1
836,0.9496621306425606,967.0348321048172,90.22543334960938,1
838,1.0012905772139389,1491.9049807042818,111.52499389648438,1
841,0.7113990783691406,130.43728544149133,35.00341796875,1
846,4.948147773742676,0.4496953226625919,1.3411865234375,0
863,0.782012939453125,222.5527339327706,43.65673828125,1
864,0.8600011754918981,1051.3622292742946,97.1258544921875,1
865,1.6633918229923692,2485.418622377849,144.92938232421875,1
867,0.7944977169945127,1772.000448503815,121.59561157226562,1
870,6.870196415827825,1.442655923738315,4.0281982421875,0
871,2.3268051147460938,8.90138973103836,8.530014038085938,0
875,1.0440851384943182,486.1872510476957,67.17767333984375,1
878,0.5814490685096154,85.28052183479103,28.676422119140625,0
879,2.8305495284324467,10.060074282975702,10.698272705078123,0
883,1.2428485225228705,1533.324353344189,130.3380675315857,1
884,1.5952911376953125,306.3507027407177,49.18765258789063,1
885,1.4880198603091033,1354.4289847162952,107.4005126953125,1
886,1.0988932642443427,2085.2798610136715,135.13388061523438,1
888,1.0818244976233382,998.457059604324,89.39813232421875,1
892,1.6648480982305258,4404.072957065538,186.69271087646484,1
893,0.6733189488316441,3423.210900123967,163.61090087890625,1
895,0.8925247192382812,1742.4677126604902,125.28854584693909,1
897,0.7444163355334051,3549.796234195558,153.82232666015625,1
898,1.787841793342873,1442.706160010914,109.6287841796875,1
901,0.7762470951786747,5846.765772942221,200.89862060546875,1
902,1.0981946238483566,12416.459778077047,356.67637634277344,1
903,1.6104102596159904,3847.5586021465792,185.83465576171875,1
909,0.7259174585342407,3668.4856104222,154.70443725585938,1
912,1.3890211922781808,543.0691248788077,70.31955766677856,1
915,1.2837334917737293,1110.6417505163463,93.45138549804688,1
917,2.386628249595905,11.126052268743512,10.370025634765623,0
918,0.7779043097245065,858.9315712520973,89.57232666015625,1
920,0.330169677734375,0.0047757851425558,0.138214111328125,0
922,0.5887392105594758,230.8973469145967,53.0802001953125,1
923,2.092437744140625,0.151231930591166,0.77777099609375,0
924,1.6296958923339844,149.14780888108558,40.6971435546875,1
927,1.1797477816358024,1950.3982279510624,207.55392456054688,1
929,3.040446894509452,9.411494429931045,9.7783203125,0
931,4.011165059846023,10.83149518440469,11.440773010253906,0
934,0.6621231752283433,1192.878188540657,109.05389404296876,1
935,1.5237354526858358,4259.056261488507,190.00653076171875,1
936,1.5556038750542536,2216.426851868982,146.73858642578125,1
945,0.82323568838614,1690.3514818732065,115.53782653808594,1
948,1.3623954772949218,4496.925835698096,192.70736694335935,1
957,0.5921214077923749,121.44905379589989,41.273193359375,1
958,3.821247637271881,9.55696704547667,10.191162109375,0
972,3.2354902518812074,10.51850862682202,10.745849609375,0
982,0.9904703776041668,3262.10307672373,152.1558837890625,1
983,2.123937334333147,22.24470900153392,13.536842346191406,0
987,0.8518689213966837,1293.8891412936025,110.85855102539062,1
991,0.9760181773792612,869.2333600608366,90.8998408317566,1
996,0.5988828218900241,601.8572932918402,76.82537841796875,1
1003,1.2055813221449263,2869.767337906627,155.81994009017944,1
1004,1.4296453857421876,4468.886323922284,195.6097412109375,1
1008,0.6163048377403846,208.04381942822863,47.34619140625,1
1010,0.6067930279356061,155.28051790459384,42.56500244140625,1
1012,0.7216982374004289,4631.45648208165,194.87744140625,1
1016,0.7029939539292279,716.3758681355343,86.69183349609375,1
1017,1.272582709789276,463.1771617505223,66.1134033203125,1
1018,1.427265774119984,3414.382323121188,172.11560821533203,1
1019,1.029836654663086,1660.5266965443798,125.01091480255128,1
1020,0.6658462303272192,1733.716090911853,136.61834716796875,1
1021,2.789021809895833,5.650201434269548,6.48590087890625,0
1023,0.5754669651840673,1254.0233482160495,112.87039184570312,1
1027,3.183153533935547,10.81703160177878,10.245494842529297,0
1029,0.6735749017624628,2301.4220472138427,139.11837768554688,1
1031,1.4757115290715144,911.537823123554,85.23602294921875,1
1034,0.8752881769548383,1620.3612506574468,125.17185926437378,1
1046,1.4631463913690477,2424.301874599829,144.56298828125,1
1047,0.6391883992260288,3247.638552184593,166.04705810546875,1
1054,0.4669647216796875,87.19206943123797,28.23974609375,0
1056,3.929808271692154,12.731183950246583,13.259841918945312,0
1060,0.60450927734375,90.8754670168194,33.2576904296875,1
1062,1.3631483086368494,3711.53437718694,171.71490478515625,1
1063,1.2599564704342163,1880.125818885304,130.46723699569702,1
1065,0.7234542522024601,3419.4506107557613,170.75390625,1
1067,1.3265067018228134,5180.975343134986,192.50518798828125,1
1069,1.3957544371139172,3388.1756847377287,169.24481201171875,1
1073,0.7436192103794643,820.7681091910144,88.275146484375,1
1075,5.323136478000217,10.463858393637912,10.486984252929688,0
1076,0.6224517822265625,194.4375554166704,49.14837646484375,1
1077,1.2225012528268917,466.5060260663094,68.72039461135864,1
1078,3.818475445424478,19.60087883323285,19.206695556640625,0
1079,0.7411098480224609,756.6958714912074,85.244873046875,1
1082,0.9547075840734668,704.8384111295189,86.59605073928833,1
1083,1.7761347510597922,1517.3085323687442,128.27936792373657,1
1084,1.2610292729643202,3337.9082324920246,165.41445922851562,1
1087,3.7722136688232415,13.940236308521348,12.343856811523438,0
1088,1.4355257161458332,7347.388860312107,238.6329040527344,1
1090,3.175995873623207,10.460571131951337,10.249664306640623,0
1094,1.12151520392474,616.582033941619,87.2520751953125,1
1097,1.6406015852083662,4213.6136477303935,227.31869506835935,1
1104,1.1066268529647436,2137.3695568331145,125.303466796875,1
1117,1.686236572265625,1526.2436375124264,135.445556640625,1
1124,1.4183686908922697,77.4280664293655,30.033233642578125,0
1126,0.6158708844866071,885.2140501818269,103.82818603515624,1
1134,1.6564572652180989,705.9740800483138,84.42251586914062,1
1141,1.1255117416381837,553.7652578863781,75.10009765625,1
1146,0.954358418782552,928.2568213319096,89.15350341796875,1
1148,3.631159464518229,11.492391995315211,11.78326416015625,0
1154,3.5080935829564144,837.7569495611451,90.85174560546876,1
1155,0.968460648148148,5142.864419348786,201.9772186279297,1
1157,1.7117366321751328,870.7875370978105,93.95958709716795,1
1158,0.6347361246744792,22.20067774805648,15.44647216796875,0
1162,0.8084819896801098,2283.902837287508,120.23196411132812,1
1165,1.7911131083965302,4756.262468891119,192.8865966796875,1
1168,1.3837890625,242.82059574966925,51.00909423828125,1
1169,0.6224374771118164,28.94038801474704,16.1658935546875,0
1170,1.2022132444917486,2860.423498939689,154.4587264060974,1
1173,1.7594910527134802,1771.916455334034,115.69085693359376,1
1177,0.6452517302139945,2169.1575944740493,137.8880615234375,1
1178,0.7352733612060547,58.3487249624766,23.44818115234375,0
1179,1.1192327428747106,203.93057742823697,47.52218627929688,1
1181,1.0344138145446775,1653.849075902753,123.84004402160645,1
1182,1.5279619265825322,5115.662083282017,185.54681396484372,1
1183,1.0738571219974091,249.45020269013295,50.33517456054688,1
1184,0.779278564453125,76.19284852920484,26.9368896484375,0
1186,1.3629959150292408,3766.036620758589,174.20315551757812,1
1187,1.7062884720278455,3521.2823365224804,170.9289588928223,1
1189,0.5658621018932711,389.50542303552265,64.28060913085938,1
1190,1.4834933565623725,2847.4114144149644,151.48159790039062,1
1192,0.8579425154061153,1628.5160377642303,125.84210968017578,1
1194,1.7577590942382812,851.1160133738998,86.44793701171875,1
1195,1.2291005452473958,23.853775514479803,14.81451416015625,0
1196,1.83008222507708,2061.4519743644464,150.40765380859375,1
1197,0.9314217200646032,1234.583293571594,119.82833862304688,1
1198,1.293582280476888,2334.902872170024,151.00048828125,1
1199,0.78642578125,32.20867112602314,16.41015625,0
1203,1.4973793713422658,21897.243232280223,473.2843780517578,1
1206,0.8110987345377604,392.3089914187988,63.051361083984375,1
1209,2.881239950656891,11.00815558387806,11.780902862548828,0
1210,0.75067138671875,50.77593274101615,19.843582153320312,0
1219,1.1852337230335583,2356.570935507851,176.22174072265625,1
1232,1.2644587925502233,1569.7925525553017,121.6953616142273,1
1233,0.7203569412231445,3743.82217285063,162.29400634765625,1
1236,1.022342466770258,5418.072049344206,202.27511596679688,1
1245,1.4070836684283088,3361.6643453632496,169.92745971679688,1
1253,0.8049208118069556,714.1276456867199,82.69732666015625,1
1256,0.493133544921875,20.715489055142825,14.88818359375,0
1260,0.6104720144560842,1689.6268752262386,129.43685913085938,1
1264,1.7889569963727678,1910.4263622008443,128.71135425567627,1
1270,0.8174700055803571,34.312111422827,15.78887939453125,0
1273,0.7758331298828125,1156.4906191618863,109.92709350585938,1
1275,1.0394296451490752,785.0243238220448,86.90399646759033,1
1281,0.6680399576822916,1238.1829791071502,110.63751220703124,1
1291,0.897308349609375,7.198404195408027,6.53094482421875,0
1292,1.1721183158255912,412.4036681448927,66.67987060546875,1
1296,5.533697261366734,10.026640962625743,10.17822265625,0
1301,0.6100766062736511,89.15445971763516,29.520721435546875,0
1305,5.629688840923888,10.635669665612726,11.960006713867188,0
1310,0.8638853185317096,2679.089646287236,156.2095947265625,1
1315,0.8747253483288908,585.9013838656995,77.62819051742554,1
1324,2.827982600854368,11.24179099004306,11.835174560546877,0
1327,0.7147191365559896,0.4308579947426915,2.09429931640625,0
1330,1.220212874873992,123.72834815092924,38.44905471801758,1
1347,3.038851737976074,3.160861077308655,4.53582763671875,0
1348,0.9958884499289772,80.63521616629525,28.423095703125,0
1351,1.2703948974609376,994.6625888444648,98.129310131073,1
1355,0.7668849400111607,159.07760465420662,39.8914794921875,1
1356,0.7535648345947266,180.37133318939743,52.86572265625,1
1357,0.6046993068007173,4837.534708334181,196.04470825195312,1
1360,0.670607430594308,348.58977279388625,60.314697265625,1
1363,0.6514236450195312,90.77091442459091,30.35760498046875,0
1364,0.6061583624945747,16.61030572974523,14.689178466796877,0
1366,0.6100037223414371,316.4544830227643,54.95892333984375,1
1368,0.7895128404771959,5175.526627811322,200.6410217285156,1
1371,0.5555384018841911,883.5452384158331,92.18609619140624,1
1373,1.457782999674479,3757.302951148241,170.0415153503418,1
1374,1.7618522644042969,1005.6614116326656,94.99786043167114,1
1379,0.5335896809895834,53.905129797020926,22.36956787109375,0
1380,2.80902099609375,2.229820506773705,5.1549072265625,0
1384,1.158222198486328,340.79009805967473,56.64039659500122,1
1385,1.5128745172256814,5052.128028371711,251.94461059570312,1
1386,1.8192471590909087,1225.663428287837,107.173743724823,1
1395,3.934844970703125,0.6112279681773443,1.8151321411132808,0
1396,0.498914082845052,1146.276539566943,109.71176147460938,1
1401,1.237123362223307,13563.819999381296,334.652587890625,1
1402,0.5241508483886719,5.58884507826426,5.777191162109375,0
1405,1.608807499247386,2096.988942328529,129.98810577392578,1
1408,1.0342950820922852,1670.0968235802293,124.843195438385,1
1409,0.6326226128472222,8.93700946751982,8.94427490234375,0
1413,0.6896982828776042,1527.122553850901,116.65118408203124,1
1414,2.843118923813549,12.897939541144307,12.48636245727539,0
1420,0.6874934196472168,6.621428940692446,8.053619384765625,0
1426,3.243524919476425,2.6071142715033178,5.562744140625,0
1434,1.2424915455005787,778.1214913737066,86.9757080078125,1
1436,0.8901144174429086,369.09823327052624,64.3455810546875,1
1439,0.7875384895169005,932.673963247633,95.8721923828125,1
1441,0.9568887615203856,4320.871329347837,174.38424682617188,1
1446,1.1967705620659723,1164.9563185660288,93.30108642578124,1
1448,0.7342161814371745,253.2397616358503,50.7802734375,1
1449,1.223468780517578,222.04762863964612,48.15751647949219,1
1450,0.8893758839574354,1611.60630919509,125.40318393707275,1
1452,0.6022802499624399,3320.843248802484,162.20068359375,1
1454,0.672243309020996,3.3324566805467764,6.288337707519531,0
1462,0.5906057811918712,27.3420294637865,16.26544189453125,0
1465,1.44366922565535,819.0505347339027,80.368408203125,1
1469,1.249215772075038,685.1298688293724,85.55920839309692,1
1495,1.3740400347793311,892.8435455639025,123.94677734375,1
1499,0.7178579527756264,3762.789045852401,171.76860570907593,1
1500,1.254355037913603,1827.2573467564837,130.20713758468628,1
1503,0.4065628051757812,0.0222021868139563,0.2980079650878906,0
1508,1.2008542661313657,1717.5936824144412,142.4932861328125,1
1509,1.1368829135237069,1793.3985954118164,118.80453491210938,1
1513,1.0789912995837985,1081.705319391617,96.1483154296875,1
1518,0.636926952161287,114.22654786431411,32.77400588989258,1
1520,1.0861580588600852,5.3948409684364576,9.75457763671875,0
1524,0.6745736258370536,396.1926241405452,66.85845947265625,1
1525,1.3615857501362645,3320.0150747118737,169.25863647460938,1
1532,0.5920821788699128,1853.263874636301,130.11114501953125,1
1533,1.2479784416429924,1947.6699329909304,134.35473585128784,1
1536,2.5453584459092884,650.9719379587517,88.4146728515625,1
1543,1.1825430393218994,1731.5655965274882,110.271240234375,1
1546,1.6588497161865234,1757.8058961961522,127.1822910308838,1
1549,1.3632921760464891,2814.768867626376,167.63206100463867,1
1551,1.0670146942138672,1749.7736810491351,132.94044876098633,1
1553,4.602223464420864,11.051204638298236,11.92669677734375,0
1555,0.9696771795099433,741.3842190584049,85.0927906036377,1
1556,0.9184799194335938,3.91609410289675,3.95782470703125,0
1557,1.0750790635744731,1752.6358452484717,137.07920169830322,1
1560,11.699737548828123,62.39745559874509,17.85516357421875,0
1561,0.7037727985626612,1499.9507895428792,111.71429443359376,1
1564,1.6311257755434192,2275.8025765946268,154.93701171875,1
1566,1.5681236884173224,2195.4690949629908,143.2470245361328,1
1567,0.6889845325100806,451.4759638827053,69.61356353759766,1
1569,0.8120122769983803,1779.800987260757,125.34860229492188,1
1571,0.9041665118673572,603.9703136449169,73.44701671600342,1
1573,1.3467291337025316,703.3289019292395,83.36103820800781,1
1576,1.5856807411061546,3359.132878672002,184.6974639892578,1
1579,0.5783284505208334,63.88844124534169,24.49774169921875,0
1583,0.9270264307657876,15.574222937924787,10.7529296875,0
1594,0.8345190512167441,2001.0361520624697,118.94863891601562,1
1599,1.015070134943182,1720.743053064698,143.42279052734375,1
1602,1.2670877747616525,3391.4965999087167,172.06442260742188,1
1603,0.8225233016475555,280.58819647422115,55.087982177734375,1
1606,2.8552071707589284,4.196937977336347,5.687744140625,0
1608,1.138979058516653,2005.7003742080772,114.6661376953125,1
1613,0.595758056640625,34.96098038111971,19.82598876953125,0
1614,0.9477945963541666,19.55927423291189,13.898101806640623,0
1615,1.3556600282358569,1915.1254288720063,126.8170166015625,1
1616,0.5798482259114583,82.57260017725639,28.31689453125,0
1617,1.751915522984096,1005.3932636003829,95.72852039337158,1
1619,0.6064234714882046,2859.9560914786807,154.62225341796875,1
1621,1.658107906579971,3334.1074450740025,154.48834228515625,1
1624,3.253668891059028,2.1890853937021557,5.2000732421875,0
1626,4.3189780291389015,3317.84964540138,163.73033905029297,1
1630,-0.0057220458984375,7.713964911954608,7.669929504394531,0
1636,0.6905612037295387,524.371007249698,70.70036840438843,1
1637,1.6590053013392858,1286.9114715845665,125.373046875,1
1644,3.967787586274694,11.087638104409203,11.1954345703125,0
1645,1.0650361713610197,1723.4177562770888,122.00543642044067,1
1653,1.6831549667730563,1555.611984125953,122.20025634765624,1
1656,0.7804805462176984,4475.382576023354,182.04205322265625,1
1659,0.709686279296875,2819.956109957924,148.74856567382812,1
1660,0.6726398468017578,434.2671026677202,65.94757080078125,1
1661,1.308653397993608,345.4330331065128,59.817516803741455,1
1662,0.7016581659731658,1015.3644263532972,100.99852180480956,1
1663,1.14551649181121,5235.375745536661,202.42315673828125,1
1664,0.0962295532226562,0.0593564401142066,0.607391357421875,0
1665,0.9674481229579196,299.6657741453366,62.23124694824219,1
1668,0.9341841803656684,1718.3687755571905,127.15020751953124,1
1673,0.6183126638601492,2999.9099973609445,157.83697509765625,1
1676,0.8290979294549852,1246.2137665247271,117.51756858825684,1
1677,1.5050673210757903,2691.494384301747,151.27792358398438,1
1680,0.6295370101928711,1744.2450043402932,125.04205417633057,1
1681,0.7008441743396577,223.67674801841463,47.660247802734375,1
1683,1.5113045900862738,2328.558168374286,137.35015869140625,1
1687,1.1997998965683805,4001.9111335618254,187.70599365234372,1
1688,2.625504811604818,11.064767053624989,10.6578369140625,0
1691,2.362767999822444,1.906369895570808,4.36602783203125,0
1692,0.8219265872485018,1716.96970865208,120.98410034179688,1
1695,1.6367831621013704,1191.7273526172444,105.48968505859376,1
1697,1.4180369657628678,213.49732894543047,46.0675048828125,1
1701,1.2624564335264008,837.0485188762993,86.35620212554932,1
1703,1.4484727215615048,1595.2679934601329,119.62506103515624,1
1706,6.018220204573411,12.951296425627092,13.798141479492188,0
1712,0.5250745500837054,30.18094875689803,17.795166015625,0
1714,5.8826156457265215,9.852441864162683,10.281524658203123,0
1718,6.093883645044614,11.513275970383242,13.96978759765625,0
1720,1.574722386006289,2070.525203621549,129.2806625366211,1
1722,1.2527979290674602,3498.705138365891,155.05462646484375,1
1725,0.500732421875,0.0909841209650039,0.603271484375,0
1726,1.0083824157714845,6057.801657787461,201.82992553710935,1
1728,3.0068721771240234,656.1579875500782,81.51484680175781,1
1729,1.4585829554377376,1465.7488296378224,107.920166015625,1
1730,0.9534669944218228,113.96591435396007,32.69482421875,1
1737,1.0552669618187882,2029.9297635910368,134.65994262695312,1
1741,1.3700498923277245,953.6130825604424,87.04148578643799,1
1746,1.3472387140447444,1622.4113323253673,111.11117553710938,1
1754,3.700176239013672,13.199646525680135,10.98980712890625,0
1755,0.5685287475585937,155.93485745216415,39.051605224609375,1
1757,0.8701248168945312,411.8099896895368,66.11256408691406,1
1758,0.6788181978113511,1309.6901216274257,110.36676025390624,1
1761,0.9451866509779444,2414.8051868839607,139.40919494628906,1
1765,0.5924240915398848,1484.1331468135472,117.85845947265624,1
1766,1.0990877787272135,1484.192887730132,115.26852416992188,1
1770,1.0306854248046875,4.690731359238271,4.3316192626953125,0
1778,0.6375961303710938,30.42920829139242,15.099659442901611,0
1782,0.9742927551269532,1.0867399792003742,2.9281067848205566,0
1783,1.3745256570669322,824.8935256057512,81.18831634521484,1
1794,0.8804059709821429,171.26685438214565,37.80735516548157,1
1803,0.8968338012695313,430.4590743370364,65.41692161560059,1
1808,1.8042190793960813,1918.9340214911167,144.29879760742188,1
1809,0.5948652787642046,132.3800069327433,35.76008605957031,1
1811,1.1333918253580728,2807.5415414290364,139.88616180419922,1
1812,1.2938385009765625,3.710734754349687,3.8526535034179688,0
1813,1.0676297274502842,1160.253554804736,98.33206176757812,1
1816,-0.6110687255859375,30.34896518352131,12.425018310546877,0
1819,0.6025058061648638,3990.058081323262,164.6441650390625,1
1820,4.469991657469008,10.086292400337207,10.34588623046875,0
1827,1.064592652966362,1423.3787072164412,112.73150634765624,1
1830,0.7024092240767046,119.5245531620542,33.713722944259644,1
1835,4.806200400642727,16.680489559651406,17.00360107421875,0
1837,0.6590847439236112,131.36603206564672,35.78082275390625,1
1838,1.4004603794642858,852.2802756720275,93.029052734375,1
1839,1.68480224609375,55.93805451183157,21.99383544921875,0
1844,0.93268430800665,931.5221294786144,89.20599365234375,1
1847,0.6883510242808949,998.7962165254312,114.64474439620972,1
1849,1.8431832706227025,2957.987341443161,154.08111572265625,1
1850,3.7907042252390006,11.390023140082484,11.33502197265625,0
1851,0.253570556640625,2.427532174482621,3.116107940673828,0
1852,0.8336566016787574,1792.263616042498,119.42735290527344,1
1854,1.5393593127910907,3178.083302170272,173.25548839569092,1
1856,0.6734110514322916,2.8723862842386647,5.467742919921875,0
1857,0.6130905151367188,81.67605682118374,27.22176742553711,0
1859,1.4452381474631173,3060.241497591189,155.25254821777344,1
1860,1.0390816546500998,3455.4138437637885,168.7257080078125,1
1861,0.746612548828125,2.631285357347224,3.244247436523437,0
1863,3.398146838676639,10.910470473058435,10.3695068359375,0
1864,1.3994040238229852,2400.837411550768,126.46148681640624,1
1866,5.018684554518315,10.524059594217931,10.965728759765623,0
1867,5.843915754748929,11.3062605393352,10.861968994140623,0
1869,0.7987698641690341,190.00997979215109,43.643585205078125,1
1871,0.6528919310796828,176.61183955532331,44.36138916015625,1
1872,1.0991600884331598,580.9718492155807,78.89498901367188,1
1873,0.77131993719872,1673.1049368351307,112.04449462890624,1
1874,0.5820232044566761,3700.438070860804,165.83209228515625,1
1875,0.7913157145182291,1566.6307033437413,124.46213626861572,1
1877,0.7542337611101676,2436.573120511503,166.05826568603516,1
1878,0.7575326595666274,508.7926482856481,74.172607421875,1
1879,0.7372901222922585,3216.6914798744765,171.76747274398804,1
1880,0.99188232421875,1.6589868274921982,3.11307144165039,0
1881,1.5623918013139204,291.8574692204129,51.2841796875,1
1884,1.0609907670454546,2098.945289396363,151.9296875,1
1885,1.2547168397066886,779.559084129444,85.54555559158325,1
1891,0.8322357177734375,49.48034569112644,20.744609594345093,0
1893,0.6028264363606771,12.673516788042487,11.887157440185549,0
1897,0.2806208928426106,5.142154051689431,6.09613037109375,0
1914,1.7819328685798268,3793.3140492768903,179.02627563476562,1
1922,0.6390111586626839,107.17965664921536,32.557708740234375,1
1930,0.5855185768821023,100.7411664906152,30.940185546875,0
1934,0.625006357828776,234.9214593333501,47.03943586349487,1
1935,-0.7938070297241211,2.650254429318011,3.25592041015625,0
1936,1.507499755859375,2639.018244467673,145.328857421875,1
1937,0.9302160089666192,208.09304115488453,53.43262481689453,1
1944,1.0616706749061486,2119.800591757175,137.9205198287964,1
1946,4.6484731038411455,3.736285121180117,5.21026611328125,0
1947,0.9703619820731026,786.1415702879026,87.02082109451294,1
1949,3.4037426658298657,613.8421989711304,85.73239135742188,1
1950,0.2821340560913086,9.695776004008948,9.016815185546877,0
1952,0.9841624591367464,4817.029168814442,201.74468994140625,1
1953,1.6244147374079778,453.5611670040174,76.03567504882812,1
1954,0.9396846605383832,2756.273432075982,154.99029541015625,1
1956,0.6091652301826862,2296.92099810628,133.56188583374023,1
1960,1.115488406590053,1558.2953089108007,132.14249277114868,1
1965,1.6567905970982142,832.4931029271996,89.4471435546875,1
1966,0.7152904934353299,1691.812478725535,126.22478246688844,1
1970,0.6589036756946195,3599.440181135674,165.257080078125,1
1972,0.9096382649739584,639.8091657537004,75.27019453048706,1
1975,1.04156243996542,683.4901714545623,89.81443786621094,1
1978,3.345585841758578,11.028233846841026,10.2838134765625,0
1982,0.9750481613543855,2288.489956541228,140.31133270263672,1
1986,0.6563134444387335,1222.5021087306122,107.7379150390625,1
1990,0.6945638851243623,716.860818888098,109.8604736328125,1
1992,0.6628143310546875,136.6162962498248,40.749603271484375,1
1995,5.4339304367701216,7.4971354457517565,8.55126953125,0
1996,0.6231862386067708,120.81575310815604,39.584716796875,1
1997,1.5684152703536185,2699.881520822024,152.49029541015625,1
1999,1.7044474283854167,149.4528341736259,42.575103759765625,1
2004,4.867286809285482,11.15630842241444,11.3653564453125,0
2006,2.968237365164408,10.87050719471024,14.4498291015625,0
2008,1.5703267064587825,3564.4622068684494,172.904541015625,1
2010,1.390361785888672,647.3136316052405,81.432373046875,1
2011,1.463708576403166,2240.025504702456,137.34677124023438,1
2012,1.329933498216712,324.51589598199763,57.41082763671875,1
2014,0.7341549895530524,2682.812565064627,152.0587077140808,1
2015,1.1201433454241072,52.8213387188589,23.98162841796875,0
2016,1.0423487345377604,689.6719063592378,81.16766357421875,1
2020,0.940675797001008,1138.9370526691505,95.03179931640624,1
2026,4.198183938731318,10.554380382465448,10.945068359375,0
2033,1.721688951764788,586.9744003454138,71.988037109375,1
2036,0.9350282214936756,3802.8204016032414,174.02493286132812,1
2042,0.6528432745682565,2074.893089414048,139.62744140625,1
2043,1.3519081115722655,2379.971217192989,159.26577758789062,1
2046,2.407895769391741,725.8368770299128,91.73745727539062,1
2056,0.6378239222935268,181.33297450612812,42.74090576171875,1
2057,0.6386214546535326,256.48353167395936,49.66194915771485,1
2061,1.707772126888639,2878.955712174728,153.91815185546875,1
2064,0.8078253448650401,1673.367598761338,109.50276184082033,1
2068,1.4261310283954327,1053.301850823164,100.8427734375,1
2071,1.2665881775973136,795.3560232588352,85.74216556549072,1
2072,0.7037440189698927,1180.9400309693651,100.21873474121094,1
2073,1.4769103805740158,3132.087350141756,173.6110064983368,1
2074,0.9509437197730656,955.999497682614,88.918701171875,1
2075,0.6856799655490451,41.429140160732246,19.639236450195312,0
2077,1.1510549084893589,1625.1474568717776,110.87997436523438,1
2078,0.8545511881510417,710.2133632962162,85.033203125,1
2080,0.2443186442057291,186.1974258608896,45.08531188964844,1
2081,0.7336873372395833,10.610860926735768,11.26422119140625,0
2083,1.6582059696929097,2675.434417667351,146.56715393066406,1
2085,0.9145353384532374,5128.484058373173,198.24188232421875,1
2087,2.025863647460937,7.77595379677761,9.350341796875,0
2088,2.2534643014272056,9.011784838369987,8.230514526367188,0
2089,1.6564362335205078,3561.5158504588694,172.14592361450195,1
2092,0.7880706787109375,7.754843636751175,7.2125244140625,0
2095,1.3768679953029013,3353.125722785391,163.39352416992188,1
2099,0.8198892562115778,1641.164145085417,116.08973693847656,1
2101,1.4278201019062715,2691.199183160473,146.02685546875,1
2105,1.0863193712736432,2066.368610036393,137.18415546417236,1
2111,0.5729884556361607,1600.0372479998723,123.44708251953124,1
2113,2.116277422223772,10.238166395600274,8.88330078125,0
2117,0.9011918721880232,4757.550964823823,192.05490112304688,1
2124,0.7322033297631049,1832.2439268698884,135.05526161193848,1
2126,1.1526079592497454,1884.214177839004,130.2172989845276,1
2127,0.5731751976943598,710.9531147198803,89.1702880859375,1
2130,2.1469552176339284,5.810508760041557,7.307373046875,0
2132,1.1208793776375907,1422.613382345627,124.31187629699708,1
2133,0.721519046359592,1698.875712542166,128.29675245285034,1
2134,0.9012366846988076,659.4821944893949,75.7389268875122,1
2135,-0.0311482747395833,0.0028256645891815,0.133544921875,0
2136,0.8702235502355239,2214.188314731078,160.4832763671875,1
2137,0.8516220819382441,282.09428314813465,49.26544952392578,1
2138,4.366134201396595,10.742988795027475,11.075775146484377,0
2140,2.2695339747837613,10.764475902432784,10.366455078125,0
2143,1.2577162920418432,583.7428601785367,73.64593505859375,1
2144,0.8486175537109375,2.952755991891763,3.4367170333862305,0
2145,3.212211910047029,10.79133509856612,10.680908203125,0
2147,1.5643033433234554,3552.9999349042223,172.41935539245603,1
2148,4.353334323779957,11.28847293336619,11.264892578125,0
2149,0.9385503472222222,2554.047650167952,139.34905242919922,1
2150,1.0465425763811385,122.24367962949805,34.37847900390625,1
2151,0.7209152221679688,2330.177609554963,143.2687873840332,1
2154,0.6157669559601815,1480.1942446074158,127.57004523277284,1
2155,2.554558188228284,12.073740309843608,11.0201416015625,0
2157,1.6501889758639865,293.96993316835886,54.2698974609375,1
2159,3.370613833268484,10.940671506278354,10.824752807617188,0
2160,1.6668003627232142,586.6851714936636,73.1644287109375,1
2171,3.766716299130935,11.376938393821067,12.796058654785156,0
2172,1.132750771262429,1032.0672039272445,99.94336080551147,1
2175,0.8436184870287976,1703.4280478358098,119.2471160888672,1
2180,1.1964173180716378,5055.075495909119,198.37121200561523,1
2187,0.9664215087890624,877.4921657400718,89.9522705078125,1
2188,0.576574961344401,245.11073425065575,50.04425048828125,1
2191,5.329017003377278,10.575450922339453,10.360931396484377,0
2197,0.6052291289619778,344.3445945755807,57.60615539550781,1
2198,0.717569062204072,1606.7739398978936,111.20089721679688,1
2202,0.5848291015625,3170.2873645309014,157.3861083984375,1
2205,0.6367152681286703,2117.564471017848,133.17270278930664,1
2206,1.499868594898897,3471.7041664999697,171.78566551208496,1
2220,0.672447681427002,154.1998632176935,45.72245788574219,1
2221,2.8677285226543296,11.577583304580656,11.172317504882812,0
2223,0.7391183035714286,14.813106607864029,11.168212890625,0
2224,5.933287191390991,10.225196058114552,10.255340576171877,0
2225,1.063287353515625,1664.059171749486,153.92849731445312,1
2226,0.5907538277762276,7582.049749293514,233.5719451904297,1
2229,0.788726806640625,110.2495707610167,37.9483642578125,1
2230,1.7157242324326063,2354.384095679319,139.68179321289062,1
2231,1.15999216573975,3543.8395095314045,206.89003372192383,1
2232,2.2976597377232144,196.168695438766,47.70933532714844,1
2233,3.532831045297476,14.715575942883683,11.3154296875,0
2234,0.9730515913529828,2067.603270190813,134.79959535598755,1
2238,0.7341131394909274,1904.0330834834765,134.30613446235657,1
2239,4.5766845703125,2188.2023732393704,134.28526163101196,1
2240,3.9002184829711912,76.46101143301544,55.641845703125,0
2241,1.255857965790529,1596.0795420742827,112.82090759277344,1
2242,1.12334174078864,1743.7609818604014,125.03854751586914,1
2243,0.7097600763494318,1251.710624630814,120.72915172576904,1
2244,0.7609056042086694,554.2374296599595,72.90590524673462,1
2248,0.8262544957602896,2501.9463744150585,150.6478729248047,1
2252,0.908981164296468,4986.618752626277,176.81219482421875,1
2256,1.1675789572975852,254.4365888463037,49.66427612304688,1
2260,0.6971216837565104,108.24899574899403,30.4049072265625,0
2261,3.615027752789584,10.585229662321712,10.8848876953125,0
2262,1.3445859201637231,1888.914736479023,119.30984497070312,1
2263,0.6084509955512153,1509.968711766217,119.64997673034668,1
2264,0.9078369140625,233.8970676791188,45.80773591995239,1
2266,1.0959836269946808,941.0212784266464,87.39215087890625,1
2272,0.6121380685389727,2821.662281948601,164.38311767578125,1
2273,4.240282393338387,11.08134546375057,11.387725830078123,0
2276,0.565626402158995,2818.1507312786744,164.45423889160156,1
2277,0.7266015341115553,3195.2194922570056,170.15048503875732,1
2278,1.382611788236178,540.5220857121674,69.26861572265625,1
2279,0.8069198465792933,4340.373929977878,183.93576049804688,1
2281,2.1970845540364583,12.973832043796392,11.049957275390623,0
2284,5.35969767409764,11.516905892626092,11.1929931640625,0
2285,1.1129847935267858,137.10476656685478,35.25651168823242,1
2288,0.7035124363043369,2967.7574723611992,163.4831085205078,1
2289,1.3889728414601292,574.0950092043976,70.40252685546875,1
2290,0.829091796875,1525.4365150694225,109.10934448242188,1
2291,0.9593597928858012,2241.079650301546,133.7725830078125,1
2293,1.502316463694853,3482.0914614665576,172.2620849609375,1
2295,4.839795912154997,10.29710417102985,10.32452392578125,0
2298,0.66424560546875,2.154750526457065,3.9489822387695312,0
2307,0.9580078125,3.073964387743571,4.276535511016846,0
2308,3.56182080857894,10.61695220140551,10.84539794921875,0
2316,1.2377723001586605,3717.221459328968,169.02932739257812,1
2318,3.65989249093192,2.7863517363804085,5.740768432617188,0
2319,2.9684680757068453,11.158751983602867,11.737144470214844,0
2321,5.0356294732344775,11.076641148869824,11.413360595703123,0
2323,1.2001531410217283,2047.062421307498,127.8614501953125,1
2327,1.48272705078125,0.7588973669917323,1.7422943115234375,0
2329,0.00830078125,2.0967178303334446,3.53948974609375,0
2330,0.5653800964355469,273.40883132232494,51.6322021484375,1
2332,1.6996503557477678,2358.4033325050623,140.015625,1
2347,1.530120849609375,0.2869654522898296,1.152618408203125,0
2351,1.3527333323160808,1780.625085521183,137.5126953125,1
2354,0.8944370834915726,3881.279949076673,177.3619384765625,1
2363,0.7896499633789062,0.6118504565767944,2.052978515625,0
2364,1.1296910466374577,1975.277818811819,133.47169303894043,1
2369,1.1433278676625844,1750.0865746447075,125.36357188224792,1
2372,0.6962260726495837,1434.9602297398685,106.94147491455078,1
2373,0.6778182983398438,407.4412474029651,62.91773986816406,1
2377,0.7596282958984375,1522.9961441812784,119.83277893066406,1
2379,0.744965411247091,3170.108476719923,158.0620574951172,1
2381,5.476299285888672,0.0033127106726169,0.1151123046875,0
2383,1.6133304172092011,21.48355082732076,16.51715087890625,0
2387,5.908586078219944,11.074679589773272,11.13116455078125,0
2388,0.830670730391545,3022.636129213952,156.42330932617188,1
2391,0.7896637575966972,959.0098501031,88.67237854003906,1
2398,0.711004638671875,280.68105894755263,52.68514633178711,1
2400,1.802040100097656,4.759855424112175,4.3634185791015625,0
2406,5.337341276804606,11.3684960387671,11.0892333984375,0
2408,0.6415412902832032,76.54726292073154,28.662521362304688,0
2409,3.3905155658721924,11.542107217264332,11.413902282714844,0
2410,4.954711481467965,11.203719910228006,11.1497802734375,0
2411,0.7426052093505859,2573.9161891242297,173.89511108398438,1
2412,0.9192243303571428,3697.9602045380007,184.85760498046875,1
2413,1.1419647216796875,507.4825590936269,67.3365478515625,1
2414,4.636053913929423,11.901276697850475,12.0499267578125,0
2416,2.409150381003861,11.254976739266771,11.8612060546875,0
2418,1.533189911203286,3735.4822911178826,163.767333984375,1
2419,0.602919958587876,2143.7241499778265,132.86420059204102,1
2421,2.8011743416220454,11.87623084185852,11.5579833984375,0
2422,0.6265812626591435,1079.919222932099,104.7202033996582,1
2423,0.8551670290389151,924.0840363849534,88.27130126953125,1
2424,0.5992298889160156,4081.806074355408,183.7359619140625,1
2426,2.34130859375,0.7423593560233712,1.72320556640625,0
2429,0.7178802490234375,3077.4823317199653,166.9367504119873,1
2430,2.6069010496139526,11.149103916901868,10.3260498046875,0
2431,0.5509204864501953,1595.7525755632848,124.26081848144533,1
2432,1.2463836669921875,12.693598227459006,8.502159118652344,0
2435,0.8045604012229226,1337.89520924149,108.89576721191406,1
2436,4.707040786743164,12.673941117650136,10.986907958984377,0
2439,0.6459859212239584,34.317504586288706,17.474853515625,0
2443,1.1935704549153645,1507.5731599776043,121.57566928863524,1
2453,1.307668847304124,1430.1073478428568,126.9046893119812,1
2455,1.6475551923116047,2927.7128430832413,152.07383728027344,1
2456,0.9022339412144252,5099.616057123595,197.91256713867188,1
2461,1.1064523232949746,1517.3754108104265,109.0712890625,1
2472,1.390934964443775,2724.666292470425,152.578125,1
2473,0.6082174611646075,2732.164319387323,156.60260009765625,1
2479,0.676116249778054,211.36326769557,46.23199462890625,1
2480,0.7908504543019764,1051.9831528876923,92.91650390625,1
2486,1.4688951896898674,1566.061814138611,120.475341796875,1
2487,1.4102901099384697,622.7093675755295,85.72998046875,1
2490,1.5950068611847728,2052.7510279460485,127.94949340820312,1
2492,1.3585897863727727,1850.0813337616864,136.12608075141907,1
2500,0.6836322985197368,896.891896860235,93.58145141601562,1
2505,0.8953689261749908,4998.0968898546525,197.75848388671875,1
2508,1.08905029296875,0.2276988222701135,0.9543559551239014,0
2509,2.990142995660955,11.465798032208676,11.0927734375,0
2510,-1.141845703125,0.4753350914106704,1.3788909912109375,0
2512,5.325664816962348,10.038017209590045,10.29425048828125,0
2513,0.8783587287454044,679.3666751637243,83.77949810028076,1
2515,1.1719112396240234,118.48115589617292,39.3218994140625,1
2516,1.7057525339260908,1292.0674763977877,103.0501708984375,1
2517,1.1481122578660103,1694.735148200064,123.62141132354736,1
2526,0.9009263258713942,3926.5601573265694,176.96331787109375,1
2528,0.6685804169753502,2091.344873016849,148.0065689086914,1
2529,0.915249010349842,1286.7345143388868,100.63021850585938,1
2531,0.6561118299896652,1224.7359352251133,99.3779296875,1
2532,0.5637988709566886,3556.764380171353,163.86959838867188,1
2540,0.3942003752055921,179.47697961204454,42.03546142578125,1
2541,2.125072893889054,1796.3098358231198,116.75457763671876,1
2544,2.600146738688151,10.698720318819646,10.880401611328123,0
2547,1.146793679630055,1690.8716393774216,125.3095245361328,1
2549,0.9233901079963236,2668.2129073326946,162.42282104492188,1
2558,3.6563824873704176,11.530627192816834,10.795799255371094,0
2560,17.8494873046875,3.941287599096541,3.970535278320313,0
2561,4.614628462357954,11.75515407714868,11.414093017578123,0
2565,0.559356689453125,29.930223678634118,15.963516235351562,0
2566,1.676780396148938,1750.39374500117,118.02230834960938,1
2568,1.686340042396828,2058.656509238744,129.87075805664062,1
2571,3.009629385811942,10.19987339671843,9.365119934082031,0
2576,0.5218264931126645,222.9165522683556,47.54319381713867,1
2580,0.7675742124899839,550.7488593010412,72.71371459960938,1
2581,1.271062930425008,187.8522823828124,42.4034423828125,1
2583,0.5857321999289773,33.63366652695751,17.692276000976562,0
2584,0.8464865291819853,2953.5388100709533,155.3948974609375,1
2591,1.5765693671721266,883.8550088919341,85.0105972290039,1
2593,1.209954833984375,324.8386030095871,53.64043283462525,1
2597,1.4344350179036458,89.24506673436554,29.348373413085938,0
2603,4.608750353802692,342.48529300300646,52.3968505859375,1
2607,0.7409023708767362,12.908421856667848,11.259674072265623,0
2609,0.6660138298483456,405.0687954800733,64.39523315429688,1
2611,5.131143528928039,9.4669733608309,10.144241333007812,0
2615,0.092376708984375,2.443516568177276,3.82855224609375,0
2617,1.0845373352961754,3069.2946768010024,174.96939086914062,1
2620,1.064021060341283,46.25494984260528,22.2677001953125,0
2621,1.3931379442091112,2049.239736540033,135.87479829788208,1
2623,4.551085418125369,10.728969980507284,11.399658203125,0
2625,1.169220939515129,687.8548083632428,89.80093383789062,1
2626,3.98718425432841,11.58427353452204,11.018280029296877,0
2634,2.576206405441482,11.090379607300084,11.61063003540039,0
2636,1.683815372233488,1836.069015187758,119.60113525390624,1
2637,1.2005535549587674,839.2565728420664,85.2415771484375,1
2638,1.2631518177150451,1870.862587822315,119.82223510742188,1
2640,3.5482752082053195,11.116016338015648,10.8887939453125,0
2641,0.732064407862974,1388.6957972259563,107.23866271972656,1
2643,1.3030421559403582,1754.9429594479998,125.63883209228516,1
2647,0.8637830209040988,4181.5702241915815,191.9311370849609,1
2648,-0.2986712455749511,1.211732666525576,2.66888427734375,0
2654,1.0884595187205188,3264.570527670046,173.8888931274414,1
2660,3.111449021559495,10.015320995155674,9.968841552734377,0
2661,1.2028634207589286,1162.440412265438,106.299560546875,1
2666,1.5362999977604035,1083.3461455474364,107.50859880447388,1
2670,-0.5750732421875,10.245156899094582,6.401611328125,0
2671,0.8488984949448529,582.2211833592305,75.76319122314453,1
2674,3.0153368899696757,11.10590315412678,11.269241333007812,0
2676,1.2781272888183597,1315.1718357558148,111.33917236328124,1
2678,-0.6094970703125,0.7857179089915007,2.26708984375,0
2679,0.7787434592175839,1338.7518316706366,108.69403076171876,1
2683,1.4035708703727363,1573.593112779878,111.29531860351562,1
2684,0.6561750932173296,1196.0153622848932,99.49757385253906,1
2688,0.9636067091816604,2308.035795095668,133.59976196289062,1
2697,1.789771236072887,914.1255206548664,84.88482666015625,1
2700,1.1870078632974217,4507.147948604504,188.32583618164065,1
2703,5.018303835833514,11.663634645185974,11.4444580078125,0
2704,3.653825795740113,11.504953065664946,11.97381591796875,0
2711,0.992455554264848,1114.5587860260105,104.00607299804688,1
2716,1.566214492355568,1290.3328691712372,126.6083984375,1
2719,1.6553078998218884,1504.385527606777,134.60064697265625,1
2722,0.7959540096330054,912.5895769963712,89.29917907714844,1
2723,2.6829833984375,0.7314550437861019,2.09246826171875,0
2724,1.1819875403626323,1769.9478658158769,135.0252537727356,1
2727,0.6045322418212891,56.00332481991202,23.683578491210938,0
2730,3.2888203192194667,10.496059690581609,10.7852783203125,0
2740,4.023166656494141,27.86177599499933,12.1142578125,0
2742,1.6635270369680304,4818.613213239237,186.2464904785156,1
2744,2.300341320037842,10.018302731084988,10.5830078125,0
2751,0.8215720653533936,11.887329259049148,9.79034423828125,0
2756,1.0074404791781777,632.3858686015242,82.53369140625,1
2757,0.6424540201822917,34.52889006460458,18.635974884033203,0
2760,1.7293566965686225,1430.7339271288515,105.20374298095705,1
2763,1.2818559010823567,9.40127086145638,10.11468505859375,0
2764,5.130713848357505,11.70027718228853,11.79644775390625,0
2769,1.6106242911760198,3360.2847979452213,229.2160873413086,1
2771,0.727119670194738,353.1536634375976,57.795654296875,1
2772,1.767336766364166,1549.830277121525,117.44198608398438,1
2775,0.4641952514648437,32.72430938310921,15.882232666015623,0
2777,1.375550467392494,2627.425372053004,145.6468505859375,1
2782,-4.189403533935547,0.157999456860125,0.79498291015625,0
2789,0.655900876816005,1210.6754696819758,89.28422164916992,1
2794,0.67972412109375,319.42744655288607,58.187110900878906,1
2800,3.0050506591796875,19.99096406698227,11.2259521484375,0
2802,0.8953348795572916,377.19715334252027,61.506195068359375,1
2806,0.8757700365643168,460.07461046856974,75.68539428710938,1
219,1.7469963921440972,1610.4173245953407,117.876708984375,1
2814,1.0791974275008491,3419.227981017896,162.12884521484375,1
2816,2.0734405517578125,6.367321739904583,6.7095947265625,0
2820,1.1029093424479166,94.25480753290684,31.4049072265625,0
2822,0.8802608055404469,2744.136381991532,156.14797973632812,1
2823,1.3126497268676758,1758.4372650059263,127.87213325500488,1
2825,1.3029073079427085,289.48594269057503,52.802734375,1
2830,0.8318950373951982,3724.50492566366,185.8493194580078,1
2831,0.603655403043017,5062.679583020948,183.07342529296875,1
2842,1.7212110246930803,948.9181472943308,77.643798828125,1
2845,0.6544471387042116,1151.2584166092902,98.2548828125,1
2847,1.015120964050293,4315.414994054464,186.27972793579104,1
2849,1.3621763571714745,2119.7807596692164,136.0281434059143,1
2854,1.786622358693017,4370.719320711292,186.0188446044922,1
2856,0.6526151216947116,4301.120658771131,172.92229461669922,1
2858,1.126581365411932,761.9572474889562,90.59368896484376,1
2860,1.218701484875801,675.0323510065675,85.22119140625,1
2862,1.6820443868637085,4557.798544923993,191.3779296875,1
2865,4.614778942532009,7.699450559206308,8.748779296875,0
2866,1.5667304323430646,1230.2547844850274,108.06076622009276,1
2871,1.5165561985325169,1695.5667436751755,121.62197875976562,1
2876,1.5563162811531508,2952.9934537568456,156.64080810546875,1
2877,1.5371680700478434,4071.780490979113,180.2099647521973,1
2881,0.8173235212053571,609.8493797186889,74.30487060546875,1
2882,0.9052820978937922,5772.536573866603,198.0301513671875,1
2883,1.3690218803210137,4713.306777380548,192.8892517089844,1
2886,0.9957275390625,443.75726539016887,66.00656127929688,1
2889,0.8177877572866586,117.5176796676752,38.10552978515625,1
2891,1.2033313404430042,938.2292769395428,94.33135223388672,1
2902,1.7792559299828872,1657.6915985870746,108.72799682617188,1
2903,4.26019558436434,10.344246691006436,11.15643310546875,0
2905,0.7762038482809966,2195.785381469311,125.36138916015624,1
2910,1.184449769918201,3614.1575844719937,159.54210662841797,1
2913,-0.0760908126831054,1.2273296751081944,2.2156982421875,0
2915,1.690778045654297,4332.469312942388,186.72100830078125,1
2917,1.092257605658637,1111.3768596169457,103.35333251953124,1
2918,0.6203480911254883,7.0422771237401385,10.599258422851562,0
2922,3.097501918247768,9.988759755388276,10.43659210205078,0
2924,0.6553028106689454,181.97432429054356,45.0870361328125,1
2926,1.190763176812066,4574.721792054754,187.5556640625,1
2927,1.3058277985145306,1104.7556291446522,95.2576904296875,1
2928,1.7697402491714016,1580.83235676169,120.49566650390624,1
2929,0.6476862980769231,340.0594160964608,58.460235595703125,1
2930,5.571033253389246,11.437020664848776,11.541404724121094,0
2931,1.3943873318758877,1337.2855101023513,112.19895935058594,1
2932,0.814669137977692,548.9225991884872,100.6766357421875,1
2933,1.0068384457940924,1730.7208059627285,108.40814208984376,1
2934,0.9875931085324756,1686.4914484054816,119.23507690429688,1
2939,0.8624704619984568,2785.2877050091647,169.20925903320312,1
2942,0.5538317362467448,418.7567520233006,65.63865661621094,1
2944,0.7014279003384747,1617.0099424655978,125.50009155273438,1
2948,1.2216051678324855,2197.064140089555,135.05347156524658,1
2952,0.77519775390625,1312.1813840582556,92.8238525390625,1
2957,5.601775545469472,10.734325916559122,10.981903076171877,0
2958,0.6301222714510831,634.0805054903554,80.03323078155518,1
2959,0.6857401529947916,1.3943311088811603,4.5767364501953125,0
2962,1.0551995109109318,544.8479175645283,80.588623046875,1
2966,0.675851066907247,15.60485061313808,15.158416748046877,0
2970,-0.26666259765625,0.215696862200275,0.928863525390625,0
2971,0.9716602672230114,423.2376520580971,54.23350524902344,1
2973,1.2494089226973684,1406.4015298446975,123.53721237182616,1
2975,0.9002292238432785,1687.0863207143964,141.8492431640625,1
2979,0.6661148071289062,65.43843496897459,24.356475830078125,0
2980,5.970421892531375,11.781993501932652,11.77978515625,0
2983,1.119720458984375,2.181853781381505,3.937690734863281,0
2987,1.2494928111200747,2493.755233568469,147.09278869628906,1
2988,0.7584705352783203,5.02153575169704,7.893707275390625,0
2990,0.9855336275967684,2604.461604614009,153.12660598754883,1
2991,1.2966988303444602,2089.2861309789946,132.65876245498657,1
2997,5.586334424141126,10.459693550586234,10.878509521484377,0
2999,0.9319390190972222,3077.752188787961,169.6199951171875,1
3004,2.8022705078125,6.540449632150637,7.453033447265625,0
3012,1.3903813081629135,1376.5727374864923,116.84796142578124,1
3017,0.6426563878213206,52.68657246542839,25.939292907714844,0
3025,1.075881180939851,203.76190317397564,44.45162963867188,1
3029,1.4120399554570515,448.0566542127341,66.45536804199219,1
3031,0.6925773620605469,461.4358640775191,68.56996154785156,1
3033,1.5425512140447444,1007.719077449034,97.46684646606444,1
3039,1.328017385382401,572.7796991927456,75.2232666015625,1
3044,5.869822184244792,9.101763064667466,8.282699584960938,0
3047,-1.06787109375,0.6541446840856224,1.617584228515625,0
3049,0.73876953125,136.90041314979226,37.295318603515625,1
3051,0.993599796295166,396.81268733368864,54.33929443359375,1
3053,0.7632097516741071,83.43278832697825,30.524673461914062,0
3055,3.95782470703125,4.52104566199705,5.67901611328125,0
3062,2.948109202914768,7.698758969129995,8.58734130859375,0
3066,1.2017669677734375,83.9201328783066,27.197876453399655,0
3071,1.5011067390441897,53.31608637734031,21.426788330078125,0
3081,0.8578262329101562,40.825119619606845,17.711522579193115,0
3083,0.5393447875976562,5.4607511617359705,6.0742034912109375,0
3089,0.626220703125,1.3974287509918213,2.3642578125,0
